USE sistemabares;

/*Usuarios*/
INSERT INTO usuario_tb VALUES ('0931974380','JOE','SAVERIO','jsaverio','123','1');
INSERT INTO usuario_tb VALUES ('1310539760','ALIX','FERRIN','aferrin','234','2');
INSERT INTO usuario_tb VALUES ('1310539752','ALEX','FERRIN','apferrin','456','2');
INSERT INTO usuario_tb VALUES ('092785289', 'LUIS GINO', 'CRUZ', 'lgcruz','678', '1');
INSERT INTO usuario_tb VALUES ('0922481304', 'GEANCARLO', 'MURILLO', 'gcmurillo','890', '2');


/*Platillos*/
INSERT INTO platillo_tb VALUE ('PLT01', 'CEVICHE DE PESCADO', 'PLATO SERVIDO FRIO QUE CONTIENE PESCADO CURTIDO JUNTO CON TOMATE', 'MARISCOS', 17, 'ceviche_pescado.jpg','PLATO FUERTE','Frio');
INSERT INTO platillo_tb VALUE ('PLT02', 'CEVICHE DE CAMARON', 'PLATO SERVIDO FRIO QUE CONTIENE CAMARON JUNTO CON TOMATE', 'MARISCOS', 17, 'ceviche_camaron.jpg','PLATO FUERTE','Frio');
INSERT INTO platillo_tb VALUE ('PLT03', 'CEVICHE DE CONCHA', 'PLATO SERVIDO FRIO QUE CONTIENE CONCHA JUNTO CON TOMATE', 'MARISCOS', 17, 'ceviche_concha.jpg','PLATO FUERTE','Frio');
INSERT INTO platillo_tb VALUE ('PLT04', 'ARROZ CON MENESTRA Y CARNE', 'PLATO SERVIDO CON ARROZ CON FREJOLES Y CARNE ASADA CON PATACONES', 'CARNES', 25, 'arroz_menestra_carne.jpg','PLATO FUERTE','Caliente');
INSERT INTO platillo_tb VALUE ('PLT05', 'PATACONES CON QUESO Y SALPRIETA', 'PLATO SERVIDO CON VERDE FRITO QUESO Y SALPRIETA (MANI MOLIDO)', 'COMIDA MANABA', 23, 'patacones_queso.jpg','APERITIVO','Caliente');
INSERT INTO platillo_tb VALUE ('PLT06', 'MORO CON POLLO', 'PLATO SERVIDO CON MORO Y POLLO ACOMPAÑADO DE PATACONES', 'CARNES', 23, 'moro_pollo.jpg','PLATO FUERTE','Caliente');
INSERT INTO platillo_tb VALUE ('PLT07', 'MORO CON CARNE', 'PLATO SERVIDO CON MORO Y CARNE ACOMPAÑADO DE PATACONES', 'CARNES', 23, 'moro_carne.jpg','PLATO FUERTE','Caliente');
INSERT INTO platillo_tb VALUE ('PLT08', 'CHURRASCO', 'PLATO SERVIDO CON ARROZ HUEVO Y CARNE', 'CARNES', 23, 'churrasco.jpg','PLATO FUERTE','Caliente');
INSERT INTO platillo_tb VALUE ('PLT09', 'YAPINGACHO', 'PLATO SERVIDO ARROZ CON HUEVO FRITO Y CHORIZO, ACOMPANNADO DE UNA TORTILLA DE PAPA EN SALSA DE MANI Y ENSALADA', 'COMIDA SERRANA',23, 'yapingacho.jpg', 'PLATO FUERTE', 'caliente');
INSERT INTO platillo_tb VALUE ('PLT10', 'CAZUELA DE PESCADO', 'MAJADO DE VERDE CON PESCADO', 'COMIDA MANABA',23, 'cazuela_pescado.jpg', 'PLATO FUERTE', 'caliente');
INSERT INTO platillo_tb VALUE ('PLT11', 'CAZUELA DE CAMARON', 'MAJADO DE VERDE CON CAMARON', 'COMIDA MANABA',23, 'cazuela_camaron.jpg', 'PLATO FUERTE', 'caliente');
INSERT INTO platillo_tb VALUE ('PLT12', 'ENCEBOLLADO', 'CALDO DE ALBACORA CEBOLLA, YUCA, PEREJIL, SERVIDO CON PAN O CHIFLE CON LIMON', 'COMIDA GUAYACA',23, 'encebollado.jpg', 'PLATO FUERTE', 'caliente');


/*Restaurante*/
INSERT INTO restaurante_tb VALUE ('RST01', 'Restaurante Coca Cola', 'CAMPUS ESPOL FIEC', '01222222', 'JORGE DURAN','1310539760');
INSERT INTO restaurante_tb VALUE ('RST02', 'Restaurante Neo', 'CAMPUES ESPOL EDCOM', '01222222', 'DAYANA OCHOA','1310539752');
INSERT INTO restaurante_tb VALUE ('RST03', 'Restaurante CELEX', 'CAMPUS ESPOL CELEX', '042685666', 'JUAN CARLOS MORAN', '1310539760');
INSERT INTO restaurante_tb VALUE ('RST04', 'Restaurante Malicia', 'CAMPUS ESPOL FIMCBOR', '042658978', 'GERMAN GARMENDIA', '1310539752');
INSERT INTO restaurante_tb VALUE ('RST05', 'Restaurante piscina', 'CAMPUS ESPOL PISCINA', '042632578', 'ISABELLA MENDOZA', '1310539760');
INSERT INTO restaurante_tb VALUE ('RST06', 'Restaurante FICT', 'CAMPUS ESPOL FICT', '042658963', 'GABRIELA MENDOZA', '1310539752');
INSERT INTO restaurante_tb VALUE ('RST07', 'Restaurante FCSH 1', 'CAMPUS ESPOL FCSH A LADO DE LA CARRETA DE TONO', '042625852','XIMENA VELEZ','1310539760');
INSERT INTO restaurante_tb VALUE ('RST08', 'Restaurante FCSH 2', 'CAMPUS ESPOL FCSH A LADO DE LA  LIBRERIA CIENTFICA', '042685102','LORENA VELEZ','1310539760');
INSERT INTO restaurante_tb VALUE ('RST09', 'Restaurante MARITIMA', 'CAMPUS ESPOL FIMCBOR', '042687963', 'XAVIER MACIAS', '0922481304');


/*Menu*/
INSERT INTO menu_tb VALUE ('RST01', 'PLT01');
INSERT INTO menu_tb VALUE ('RST02', 'PLT01');
INSERT INTO menu_tb VALUE ('RST02', 'PLT02');
INSERT INTO menu_tb VALUE ('RST02', 'PLT03');
INSERT INTO menu_tb VALUE ('RST02', 'PLT04');
INSERT INTO menu_tb VALUE ('RST02', 'PLT05');
INSERT INTO menu_tb VALUE ('RST01', 'PLT02');
INSERT INTO menu_tb VALUE ('RST01', 'PLT03');
INSERT INTO menu_tb VALUE ('RST01', 'PLT04');
INSERT INTO menu_tb VALUE ('RST01', 'PLT05');
INSERT INTO menu_tb VALUE ('RST03', 'PLT01');
INSERT INTO menu_tb VALUE ('RST03', 'PLT02');
INSERT INTO menu_tb VALUE ('RST03', 'PLT03');
INSERT INTO menu_tb VALUE ('RST03', 'PLT04');
INSERT INTO menu_tb VALUE ('RST03', 'PLT05');
INSERT INTO menu_tb VALUE ('RST04', 'PLT01');
INSERT INTO menu_tb VALUE ('RST04', 'PLT02');
INSERT INTO menu_tb VALUE ('RST04', 'PLT03');
INSERT INTO menu_tb VALUE ('RST04', 'PLT04');
INSERT INTO menu_tb VALUE ('RST04', 'PLT05');
INSERT INTO menu_tb VALUE ('RST05', 'PLT01');
INSERT INTO menu_tb VALUE ('RST05', 'PLT02');
INSERT INTO menu_tb VALUE ('RST05', 'PLT03');
INSERT INTO menu_tb VALUE ('RST05', 'PLT04');
INSERT INTO menu_tb VALUE ('RST05', 'PLT05');
INSERT INTO menu_tb VALUE ('RST06', 'PLT01');
INSERT INTO menu_tb VALUE ('RST06', 'PLT02');
INSERT INTO menu_tb VALUE ('RST06', 'PLT03');
INSERT INTO menu_tb VALUE ('RST06', 'PLT04');
INSERT INTO menu_tb VALUE ('RST06', 'PLT05');
INSERT INTO menu_tb VALUE ('RST07', 'PLT01');
INSERT INTO menu_tb VALUE ('RST07', 'PLT02');
INSERT INTO menu_tb VALUE ('RST07', 'PLT03');
INSERT INTO menu_tb VALUE ('RST07', 'PLT04');
INSERT INTO menu_tb VALUE ('RST07', 'PLT05');
INSERT INTO menu_tb VALUE ('RST08', 'PLT01');
INSERT INTO menu_tb VALUE ('RST08', 'PLT02');
INSERT INTO menu_tb VALUE ('RST08', 'PLT03');
INSERT INTO menu_tb VALUE ('RST08', 'PLT04');
INSERT INTO menu_tb VALUE ('RST08', 'PLT05');
INSERT INTO menu_tb VALUE ('RST09', 'PLT01');
INSERT INTO menu_tb VALUE ('RST09', 'PLT02');
INSERT INTO menu_tb VALUE ('RST09', 'PLT03');
INSERT INTO menu_tb VALUE ('RST09', 'PLT04');
INSERT INTO menu_tb VALUE ('RST09', 'PLT05');
INSERT INTO menu_tb VALUE ('RST01', 'PLT06');
INSERT INTO menu_tb VALUE ('RST02', 'PLT06');
INSERT INTO menu_tb VALUE ('RST03', 'PLT06');
INSERT INTO menu_tb VALUE ('RST04', 'PLT06');
INSERT INTO menu_tb VALUE ('RST05', 'PLT06');
INSERT INTO menu_tb VALUE ('RST06', 'PLT06');
INSERT INTO menu_tb VALUE ('RST07', 'PLT06');
INSERT INTO menu_tb VALUE ('RST08', 'PLT06');
INSERT INTO menu_tb VALUE ('RST09', 'PLT06');
INSERT INTO menu_tb VALUE ('RST01', 'PLT07');
INSERT INTO menu_tb VALUE ('RST02', 'PLT07');
INSERT INTO menu_tb VALUE ('RST03', 'PLT07');
INSERT INTO menu_tb VALUE ('RST04', 'PLT07');
INSERT INTO menu_tb VALUE ('RST05', 'PLT07');
INSERT INTO menu_tb VALUE ('RST06', 'PLT07');
INSERT INTO menu_tb VALUE ('RST07', 'PLT07');
INSERT INTO menu_tb VALUE ('RST08', 'PLT07');
INSERT INTO menu_tb VALUE ('RST09', 'PLT07');
INSERT INTO menu_tb VALUE ('RST01', 'PLT08');
INSERT INTO menu_tb VALUE ('RST02', 'PLT08');
INSERT INTO menu_tb VALUE ('RST03', 'PLT08');
INSERT INTO menu_tb VALUE ('RST04', 'PLT08');
INSERT INTO menu_tb VALUE ('RST05', 'PLT08');
INSERT INTO menu_tb VALUE ('RST06', 'PLT08');
INSERT INTO menu_tb VALUE ('RST07', 'PLT08');
INSERT INTO menu_tb VALUE ('RST08', 'PLT08');
INSERT INTO menu_tb VALUE ('RST09', 'PLT08');
INSERT INTO menu_tb VALUE ('RST01', 'PLT09');
INSERT INTO menu_tb VALUE ('RST02', 'PLT09');
INSERT INTO menu_tb VALUE ('RST03', 'PLT09');
INSERT INTO menu_tb VALUE ('RST04', 'PLT09');
INSERT INTO menu_tb VALUE ('RST05', 'PLT09');
INSERT INTO menu_tb VALUE ('RST06', 'PLT09');
INSERT INTO menu_tb VALUE ('RST07', 'PLT09');
INSERT INTO menu_tb VALUE ('RST08', 'PLT09');
INSERT INTO menu_tb VALUE ('RST09', 'PLT09');
INSERT INTO menu_tb VALUE ('RST01', 'PLT10');
INSERT INTO menu_tb VALUE ('RST02', 'PLT10');
INSERT INTO menu_tb VALUE ('RST03', 'PLT10');
INSERT INTO menu_tb VALUE ('RST04', 'PLT10');
INSERT INTO menu_tb VALUE ('RST05', 'PLT10');
INSERT INTO menu_tb VALUE ('RST06', 'PLT10');
INSERT INTO menu_tb VALUE ('RST07', 'PLT10');
INSERT INTO menu_tb VALUE ('RST08', 'PLT10');
INSERT INTO menu_tb VALUE ('RST09', 'PLT10');
INSERT INTO menu_tb VALUE ('RST01', 'PLT11');
INSERT INTO menu_tb VALUE ('RST02', 'PLT11');
INSERT INTO menu_tb VALUE ('RST03', 'PLT11');
INSERT INTO menu_tb VALUE ('RST04', 'PLT11');
INSERT INTO menu_tb VALUE ('RST05', 'PLT11');
INSERT INTO menu_tb VALUE ('RST06', 'PLT11');
INSERT INTO menu_tb VALUE ('RST07', 'PLT11');
INSERT INTO menu_tb VALUE ('RST08', 'PLT11');
INSERT INTO menu_tb VALUE ('RST09', 'PLT11');
INSERT INTO menu_tb VALUE ('RST01', 'PLT12');
INSERT INTO menu_tb VALUE ('RST02', 'PLT12');
INSERT INTO menu_tb VALUE ('RST03', 'PLT12');
INSERT INTO menu_tb VALUE ('RST04', 'PLT12');
INSERT INTO menu_tb VALUE ('RST05', 'PLT12');
INSERT INTO menu_tb VALUE ('RST06', 'PLT12');
INSERT INTO menu_tb VALUE ('RST07', 'PLT12');
INSERT INTO menu_tb VALUE ('RST08', 'PLT12');
INSERT INTO menu_tb VALUE ('RST09', 'PLT12');



